0.000000000000000000e+00,0.000000000000000000e+00,0.000000000000000000e+00,3.000000000000000000e+00,3.700000000000000000e+01,2.963000000000000000e+03,3.053400000000000000e+04,6.273700000000000000e+04,7.384300000000000000e+04,7.808800000000000000e+04,7.901700000000000000e+04,7.926200000000000000e+04,7.931800000000000000e+04,7.933100000000000000e+04,7.933500000000000000e+04,7.933600000000000000e+04,7.933700000000000000e+04,7.933700000000000000e+04,7.933700000000000000e+04,7.933800000000000000e+04,7.933800000000000000e+04,7.933800000000000000e+04,7.933800000000000000e+04,7.933800000000000000e+04,7.933800000000000000e+04,7.933800000000000000e+04
0.000000000000000000e+00,0.000000000000000000e+00,0.000000000000000000e+00,3.000000000000000000e+00,1.800000000000000000e+01,1.983000000000000000e+03,2.932800000000000000e+04,6.236800000000000000e+04,7.375400000000000000e+04,7.798400000000000000e+04,7.892500000000000000e+04,7.915600000000000000e+04,7.920700000000000000e+04,7.922300000000000000e+04,7.922700000000000000e+04,7.922800000000000000e+04,7.922900000000000000e+04,7.922900000000000000e+04,7.922900000000000000e+04,7.922900000000000000e+04,7.922900000000000000e+04,7.922900000000000000e+04,7.922900000000000000e+04,7.922900000000000000e+04,7.922900000000000000e+04,7.922900000000000000e+04
0.000000000000000000e+00,0.000000000000000000e+00,0.000000000000000000e+00,3.000000000000000000e+00,4.500000000000000000e+01,3.376000000000000000e+03,3.637000000000000000e+04,6.465400000000000000e+04,7.442900000000000000e+04,7.818200000000000000e+04,7.898100000000000000e+04,7.917500000000000000e+04,7.923200000000000000e+04,7.924300000000000000e+04,7.924600000000000000e+04,7.924600000000000000e+04,7.924600000000000000e+04,7.924600000000000000e+04,7.924600000000000000e+04,7.924600000000000000e+04,7.924600000000000000e+04,7.924600000000000000e+04,7.924600000000000000e+04,7.924600000000000000e+04,7.924600000000000000e+04,7.924600000000000000e+04
0.000000000000000000e+00,0.000000000000000000e+00,0.000000000000000000e+00,3.000000000000000000e+00,1.390000000000000000e+02,6.203000000000000000e+03,4.607400000000000000e+04,6.793300000000000000e+04,7.581100000000000000e+04,7.859500000000000000e+04,7.914200000000000000e+04,7.927400000000000000e+04,7.930300000000000000e+04,7.931200000000000000e+04,7.931400000000000000e+04,7.931400000000000000e+04,7.931400000000000000e+04,7.931400000000000000e+04,7.931400000000000000e+04,7.931400000000000000e+04,7.931400000000000000e+04,7.931400000000000000e+04,7.931400000000000000e+04,7.931400000000000000e+04,7.931400000000000000e+04,7.931400000000000000e+04
0.000000000000000000e+00,0.000000000000000000e+00,0.000000000000000000e+00,3.000000000000000000e+00,4.200000000000000000e+01,3.535000000000000000e+03,3.591600000000000000e+04,6.425100000000000000e+04,7.441400000000000000e+04,7.819500000000000000e+04,7.895200000000000000e+04,7.914900000000000000e+04,7.920700000000000000e+04,7.922000000000000000e+04,7.922500000000000000e+04,7.922800000000000000e+04,7.922800000000000000e+04,7.922800000000000000e+04,7.922800000000000000e+04,7.922800000000000000e+04,7.922800000000000000e+04,7.922800000000000000e+04,7.922800000000000000e+04,7.922800000000000000e+04,7.922800000000000000e+04,7.922800000000000000e+04
0.000000000000000000e+00,0.000000000000000000e+00,0.000000000000000000e+00,3.000000000000000000e+00,2.000000000000000000e+01,2.894000000000000000e+03,3.112100000000000000e+04,6.272000000000000000e+04,7.376500000000000000e+04,7.793100000000000000e+04,7.885100000000000000e+04,7.907500000000000000e+04,7.912800000000000000e+04,7.914400000000000000e+04,7.914700000000000000e+04,7.914900000000000000e+04,7.914900000000000000e+04,7.914900000000000000e+04,7.914900000000000000e+04,7.914900000000000000e+04,7.914900000000000000e+04,7.914900000000000000e+04,7.914900000000000000e+04,7.914900000000000000e+04,7.914900000000000000e+04,7.914900000000000000e+04
0.000000000000000000e+00,0.000000000000000000e+00,0.000000000000000000e+00,3.000000000000000000e+00,1.140000000000000000e+02,4.819000000000000000e+03,4.118400000000000000e+04,6.628500000000000000e+04,7.526400000000000000e+04,7.842600000000000000e+04,7.907600000000000000e+04,7.923000000000000000e+04,7.927200000000000000e+04,7.928300000000000000e+04,7.928500000000000000e+04,7.928500000000000000e+04,7.928500000000000000e+04,7.928500000000000000e+04,7.928500000000000000e+04,7.928500000000000000e+04,7.928500000000000000e+04,7.928500000000000000e+04,7.928500000000000000e+04,7.928500000000000000e+04,7.928500000000000000e+04,7.928500000000000000e+04
0.000000000000000000e+00,0.000000000000000000e+00,0.000000000000000000e+00,3.000000000000000000e+00,7.000000000000000000e+00,2.540000000000000000e+02,8.905000000000000000e+03,4.895200000000000000e+04,6.878000000000000000e+04,7.613400000000000000e+04,7.853200000000000000e+04,7.900000000000000000e+04,7.912300000000000000e+04,7.915400000000000000e+04,7.916100000000000000e+04,7.916100000000000000e+04,7.916400000000000000e+04,7.916400000000000000e+04,7.916400000000000000e+04,7.916400000000000000e+04,7.916400000000000000e+04,7.916400000000000000e+04,7.916400000000000000e+04,7.916400000000000000e+04,7.916400000000000000e+04,7.916400000000000000e+04
0.000000000000000000e+00,0.000000000000000000e+00,0.000000000000000000e+00,3.000000000000000000e+00,5.000000000000000000e+00,1.010000000000000000e+02,4.796000000000000000e+03,3.998300000000000000e+04,6.577700000000000000e+04,7.504000000000000000e+04,7.838100000000000000e+04,7.904100000000000000e+04,7.920800000000000000e+04,7.925700000000000000e+04,7.926600000000000000e+04,7.926800000000000000e+04,7.926800000000000000e+04,7.926800000000000000e+04,7.926800000000000000e+04,7.926800000000000000e+04,7.926800000000000000e+04,7.926800000000000000e+04,7.926800000000000000e+04,7.926800000000000000e+04,7.926800000000000000e+04,7.926800000000000000e+04
0.000000000000000000e+00,0.000000000000000000e+00,0.000000000000000000e+00,3.000000000000000000e+00,5.000000000000000000e+00,9.600000000000000000e+01,5.424000000000000000e+03,4.139100000000000000e+04,6.632100000000000000e+04,7.510700000000000000e+04,7.836100000000000000e+04,7.905400000000000000e+04,7.921600000000000000e+04,7.926600000000000000e+04,7.927700000000000000e+04,7.927800000000000000e+04,7.927900000000000000e+04,7.927900000000000000e+04,7.927900000000000000e+04,7.927900000000000000e+04,7.927900000000000000e+04,7.927900000000000000e+04,7.927900000000000000e+04,7.927900000000000000e+04,7.927900000000000000e+04,7.927900000000000000e+04
0.000000000000000000e+00,0.000000000000000000e+00,0.000000000000000000e+00,3.000000000000000000e+00,5.200000000000000000e+01,2.869000000000000000e+03,3.361200000000000000e+04,6.371000000000000000e+04,7.407600000000000000e+04,7.806900000000000000e+04,7.894500000000000000e+04,7.914400000000000000e+04,7.920300000000000000e+04,7.922400000000000000e+04,7.922400000000000000e+04,7.922400000000000000e+04,7.922400000000000000e+04,7.922400000000000000e+04,7.922400000000000000e+04,7.922400000000000000e+04,7.922400000000000000e+04,7.922400000000000000e+04,7.922400000000000000e+04,7.922400000000000000e+04,7.922400000000000000e+04,7.922400000000000000e+04
0.000000000000000000e+00,0.000000000000000000e+00,0.000000000000000000e+00,3.000000000000000000e+00,1.800000000000000000e+01,5.200000000000000000e+02,1.435100000000000000e+04,5.506500000000000000e+04,7.099400000000000000e+04,7.693900000000000000e+04,7.874800000000000000e+04,7.912100000000000000e+04,7.921600000000000000e+04,7.923700000000000000e+04,7.924100000000000000e+04,7.924600000000000000e+04,7.924600000000000000e+04,7.924600000000000000e+04,7.924600000000000000e+04,7.924600000000000000e+04,7.924600000000000000e+04,7.924600000000000000e+04,7.924600000000000000e+04,7.924600000000000000e+04,7.924600000000000000e+04,7.924600000000000000e+04
0.000000000000000000e+00,0.000000000000000000e+00,0.000000000000000000e+00,3.000000000000000000e+00,8.600000000000000000e+01,6.445000000000000000e+03,4.415600000000000000e+04,6.718200000000000000e+04,7.543500000000000000e+04,7.839200000000000000e+04,7.900600000000000000e+04,7.916200000000000000e+04,7.919600000000000000e+04,7.920200000000000000e+04,7.920300000000000000e+04,7.920300000000000000e+04,7.920300000000000000e+04,7.920300000000000000e+04,7.920300000000000000e+04,7.920300000000000000e+04,7.920300000000000000e+04,7.920300000000000000e+04,7.920300000000000000e+04,7.920300000000000000e+04,7.920300000000000000e+04,7.920300000000000000e+04
0.000000000000000000e+00,0.000000000000000000e+00,0.000000000000000000e+00,3.000000000000000000e+00,6.000000000000000000e+00,1.030000000000000000e+02,7.466000000000000000e+03,4.685600000000000000e+04,6.830900000000000000e+04,7.598300000000000000e+04,7.860600000000000000e+04,7.910800000000000000e+04,7.924200000000000000e+04,7.927700000000000000e+04,7.928300000000000000e+04,7.928300000000000000e+04,7.928300000000000000e+04,7.928300000000000000e+04,7.928300000000000000e+04,7.928300000000000000e+04,7.928300000000000000e+04,7.928300000000000000e+04,7.928300000000000000e+04,7.928300000000000000e+04,7.928300000000000000e+04,7.928300000000000000e+04
0.000000000000000000e+00,0.000000000000000000e+00,0.000000000000000000e+00,3.000000000000000000e+00,8.000000000000000000e+00,2.530000000000000000e+02,8.093000000000000000e+03,4.695000000000000000e+04,6.812700000000000000e+04,7.599300000000000000e+04,7.859200000000000000e+04,7.909700000000000000e+04,7.924200000000000000e+04,7.927300000000000000e+04,7.928400000000000000e+04,7.928700000000000000e+04,7.928800000000000000e+04,7.928800000000000000e+04,7.928800000000000000e+04,7.928800000000000000e+04,7.928800000000000000e+04,7.928800000000000000e+04,7.928800000000000000e+04,7.928800000000000000e+04,7.928800000000000000e+04,7.928800000000000000e+04
0.000000000000000000e+00,0.000000000000000000e+00,0.000000000000000000e+00,3.000000000000000000e+00,3.000000000000000000e+01,2.006000000000000000e+03,3.010400000000000000e+04,6.241700000000000000e+04,7.372700000000000000e+04,7.792800000000000000e+04,7.888800000000000000e+04,7.910100000000000000e+04,7.917100000000000000e+04,7.919100000000000000e+04,7.919500000000000000e+04,7.919600000000000000e+04,7.919600000000000000e+04,7.919600000000000000e+04,7.919600000000000000e+04,7.919600000000000000e+04,7.919600000000000000e+04,7.919600000000000000e+04,7.919600000000000000e+04,7.919600000000000000e+04,7.919600000000000000e+04,7.919600000000000000e+04
0.000000000000000000e+00,0.000000000000000000e+00,0.000000000000000000e+00,3.000000000000000000e+00,1.500000000000000000e+01,1.117000000000000000e+03,2.307800000000000000e+04,5.979900000000000000e+04,7.262700000000000000e+04,7.761800000000000000e+04,7.884000000000000000e+04,7.912100000000000000e+04,7.918400000000000000e+04,7.919400000000000000e+04,7.920100000000000000e+04,7.920200000000000000e+04,7.920200000000000000e+04,7.920200000000000000e+04,7.920200000000000000e+04,7.920200000000000000e+04,7.920200000000000000e+04,7.920200000000000000e+04,7.920200000000000000e+04,7.920200000000000000e+04,7.920200000000000000e+04,7.920200000000000000e+04
0.000000000000000000e+00,0.000000000000000000e+00,0.000000000000000000e+00,3.000000000000000000e+00,2.500000000000000000e+01,2.288000000000000000e+03,2.762000000000000000e+04,6.171100000000000000e+04,7.331100000000000000e+04,7.795700000000000000e+04,7.898100000000000000e+04,7.923300000000000000e+04,7.930400000000000000e+04,7.931800000000000000e+04,7.932000000000000000e+04,7.932100000000000000e+04,7.932100000000000000e+04,7.932100000000000000e+04,7.932100000000000000e+04,7.932100000000000000e+04,7.932100000000000000e+04,7.932100000000000000e+04,7.932100000000000000e+04,7.932100000000000000e+04,7.932100000000000000e+04,7.932100000000000000e+04
0.000000000000000000e+00,0.000000000000000000e+00,0.000000000000000000e+00,3.000000000000000000e+00,3.100000000000000000e+01,5.182000000000000000e+03,3.960200000000000000e+04,6.553800000000000000e+04,7.485400000000000000e+04,7.825900000000000000e+04,7.899900000000000000e+04,7.919400000000000000e+04,7.924700000000000000e+04,7.925700000000000000e+04,7.926000000000000000e+04,7.926200000000000000e+04,7.926200000000000000e+04,7.926200000000000000e+04,7.926200000000000000e+04,7.926200000000000000e+04,7.926200000000000000e+04,7.926200000000000000e+04,7.926200000000000000e+04,7.926200000000000000e+04,7.926200000000000000e+04,7.926200000000000000e+04
0.000000000000000000e+00,0.000000000000000000e+00,0.000000000000000000e+00,3.000000000000000000e+00,9.000000000000000000e+00,1.310000000000000000e+03,1.811800000000000000e+04,5.688700000000000000e+04,7.156200000000000000e+04,7.720500000000000000e+04,7.877600000000000000e+04,7.906100000000000000e+04,7.914700000000000000e+04,7.916400000000000000e+04,7.916900000000000000e+04,7.917000000000000000e+04,7.917000000000000000e+04,7.917000000000000000e+04,7.917000000000000000e+04,7.917000000000000000e+04,7.917000000000000000e+04,7.917000000000000000e+04,7.917000000000000000e+04,7.917000000000000000e+04,7.917000000000000000e+04,7.917000000000000000e+04
0.000000000000000000e+00,0.000000000000000000e+00,0.000000000000000000e+00,3.000000000000000000e+00,3.800000000000000000e+01,1.980000000000000000e+03,2.856800000000000000e+04,6.209200000000000000e+04,7.345900000000000000e+04,7.795900000000000000e+04,7.895700000000000000e+04,7.922000000000000000e+04,7.929500000000000000e+04,7.931500000000000000e+04,7.932200000000000000e+04,7.932300000000000000e+04,7.932400000000000000e+04,7.932400000000000000e+04,7.932400000000000000e+04,7.932400000000000000e+04,7.932400000000000000e+04,7.932400000000000000e+04,7.932400000000000000e+04,7.932400000000000000e+04,7.932400000000000000e+04,7.932400000000000000e+04
0.000000000000000000e+00,0.000000000000000000e+00,0.000000000000000000e+00,3.000000000000000000e+00,3.100000000000000000e+01,3.463000000000000000e+03,3.504600000000000000e+04,6.431700000000000000e+04,7.439600000000000000e+04,7.818200000000000000e+04,7.894000000000000000e+04,7.914500000000000000e+04,7.920300000000000000e+04,7.921300000000000000e+04,7.921700000000000000e+04,7.921800000000000000e+04,7.921800000000000000e+04,7.921800000000000000e+04,7.921800000000000000e+04,7.921800000000000000e+04,7.921800000000000000e+04,7.921800000000000000e+04,7.921800000000000000e+04,7.921800000000000000e+04,7.921800000000000000e+04,7.921800000000000000e+04
0.000000000000000000e+00,0.000000000000000000e+00,0.000000000000000000e+00,3.000000000000000000e+00,2.300000000000000000e+01,1.328000000000000000e+03,2.683500000000000000e+04,6.125500000000000000e+04,7.339700000000000000e+04,7.786700000000000000e+04,7.890400000000000000e+04,7.913700000000000000e+04,7.920000000000000000e+04,7.922000000000000000e+04,7.922700000000000000e+04,7.922800000000000000e+04,7.922800000000000000e+04,7.922800000000000000e+04,7.922800000000000000e+04,7.922800000000000000e+04,7.922800000000000000e+04,7.922800000000000000e+04,7.922800000000000000e+04,7.922800000000000000e+04,7.922800000000000000e+04,7.922800000000000000e+04
0.000000000000000000e+00,0.000000000000000000e+00,0.000000000000000000e+00,3.000000000000000000e+00,9.000000000000000000e+00,2.802000000000000000e+03,2.667400000000000000e+04,6.128800000000000000e+04,7.328100000000000000e+04,7.787900000000000000e+04,7.898000000000000000e+04,7.921000000000000000e+04,7.927600000000000000e+04,7.929300000000000000e+04,7.929500000000000000e+04,7.929500000000000000e+04,7.929600000000000000e+04,7.929600000000000000e+04,7.929600000000000000e+04,7.929600000000000000e+04,7.929600000000000000e+04,7.929600000000000000e+04,7.929600000000000000e+04,7.929600000000000000e+04,7.929600000000000000e+04,7.929600000000000000e+04
0.000000000000000000e+00,0.000000000000000000e+00,0.000000000000000000e+00,3.000000000000000000e+00,1.200000000000000000e+01,4.770000000000000000e+02,1.432900000000000000e+04,5.501000000000000000e+04,7.094300000000000000e+04,7.698600000000000000e+04,7.872400000000000000e+04,7.908700000000000000e+04,7.918100000000000000e+04,7.921600000000000000e+04,7.922100000000000000e+04,7.922200000000000000e+04,7.922300000000000000e+04,7.922300000000000000e+04,7.922300000000000000e+04,7.922300000000000000e+04,7.922300000000000000e+04,7.922300000000000000e+04,7.922300000000000000e+04,7.922300000000000000e+04,7.922300000000000000e+04,7.922300000000000000e+04
0.000000000000000000e+00,0.000000000000000000e+00,0.000000000000000000e+00,3.000000000000000000e+00,1.600000000000000000e+01,2.910000000000000000e+02,1.050800000000000000e+04,5.177000000000000000e+04,6.994800000000000000e+04,7.666900000000000000e+04,7.880200000000000000e+04,7.919400000000000000e+04,7.929100000000000000e+04,7.931400000000000000e+04,7.931600000000000000e+04,7.931800000000000000e+04,7.931800000000000000e+04,7.931800000000000000e+04,7.931800000000000000e+04,7.931800000000000000e+04,7.931800000000000000e+04,7.931800000000000000e+04,7.931800000000000000e+04,7.931800000000000000e+04,7.931800000000000000e+04,7.931800000000000000e+04
0.000000000000000000e+00,0.000000000000000000e+00,0.000000000000000000e+00,3.000000000000000000e+00,7.000000000000000000e+00,1.510000000000000000e+02,5.814000000000000000e+03,4.547100000000000000e+04,6.770400000000000000e+04,7.572300000000000000e+04,7.843600000000000000e+04,7.901700000000000000e+04,7.914600000000000000e+04,7.918100000000000000e+04,7.919300000000000000e+04,7.919800000000000000e+04,7.919800000000000000e+04,7.919800000000000000e+04,7.919800000000000000e+04,7.919800000000000000e+04,7.919800000000000000e+04,7.919800000000000000e+04,7.919800000000000000e+04,7.919800000000000000e+04,7.919800000000000000e+04,7.919800000000000000e+04
0.000000000000000000e+00,0.000000000000000000e+00,0.000000000000000000e+00,3.000000000000000000e+00,6.000000000000000000e+00,1.510000000000000000e+02,6.036000000000000000e+03,4.481200000000000000e+04,6.737600000000000000e+04,7.558900000000000000e+04,7.845000000000000000e+04,7.902200000000000000e+04,7.916200000000000000e+04,7.920700000000000000e+04,7.922000000000000000e+04,7.922700000000000000e+04,7.922700000000000000e+04,7.922700000000000000e+04,7.922700000000000000e+04,7.922700000000000000e+04,7.922700000000000000e+04,7.922700000000000000e+04,7.922700000000000000e+04,7.922700000000000000e+04,7.922700000000000000e+04,7.922700000000000000e+04
0.000000000000000000e+00,0.000000000000000000e+00,0.000000000000000000e+00,3.000000000000000000e+00,4.000000000000000000e+01,2.836000000000000000e+03,3.346200000000000000e+04,6.367700000000000000e+04,7.422700000000000000e+04,7.812700000000000000e+04,7.900100000000000000e+04,7.917300000000000000e+04,7.922200000000000000e+04,7.923100000000000000e+04,7.923700000000000000e+04,7.923700000000000000e+04,7.923700000000000000e+04,7.923800000000000000e+04,7.923800000000000000e+04,7.923800000000000000e+04,7.923800000000000000e+04,7.923800000000000000e+04,7.923800000000000000e+04,7.923800000000000000e+04,7.923800000000000000e+04,7.923800000000000000e+04
0.000000000000000000e+00,0.000000000000000000e+00,0.000000000000000000e+00,3.000000000000000000e+00,1.640000000000000000e+02,7.285000000000000000e+03,4.756400000000000000e+04,6.842700000000000000e+04,7.613200000000000000e+04,7.862300000000000000e+04,7.908100000000000000e+04,7.920700000000000000e+04,7.923800000000000000e+04,7.924500000000000000e+04,7.924600000000000000e+04,7.924600000000000000e+04,7.924600000000000000e+04,7.924600000000000000e+04,7.924600000000000000e+04,7.924600000000000000e+04,7.924600000000000000e+04,7.924600000000000000e+04,7.924600000000000000e+04,7.924600000000000000e+04,7.924600000000000000e+04,7.924600000000000000e+04
0.000000000000000000e+00,0.000000000000000000e+00,0.000000000000000000e+00,3.000000000000000000e+00,7.400000000000000000e+01,2.917000000000000000e+03,3.346600000000000000e+04,6.349400000000000000e+04,7.409000000000000000e+04,7.806400000000000000e+04,7.886200000000000000e+04,7.910000000000000000e+04,7.915500000000000000e+04,7.916600000000000000e+04,7.916800000000000000e+04,7.916800000000000000e+04,7.916800000000000000e+04,7.916800000000000000e+04,7.916800000000000000e+04,7.916800000000000000e+04,7.916800000000000000e+04,7.916800000000000000e+04,7.916800000000000000e+04,7.916800000000000000e+04,7.916800000000000000e+04,7.916800000000000000e+04
0.000000000000000000e+00,0.000000000000000000e+00,0.000000000000000000e+00,3.000000000000000000e+00,4.000000000000000000e+00,9.800000000000000000e+01,4.815000000000000000e+03,4.315100000000000000e+04,6.694100000000000000e+04,7.538600000000000000e+04,7.837600000000000000e+04,7.902700000000000000e+04,7.916800000000000000e+04,7.920200000000000000e+04,7.920800000000000000e+04,7.921400000000000000e+04,7.921400000000000000e+04,7.921400000000000000e+04,7.921400000000000000e+04,7.921400000000000000e+04,7.921400000000000000e+04,7.921400000000000000e+04,7.921400000000000000e+04,7.921400000000000000e+04,7.921400000000000000e+04,7.921400000000000000e+04
0.000000000000000000e+00,0.000000000000000000e+00,0.000000000000000000e+00,3.000000000000000000e+00,1.100000000000000000e+01,8.600000000000000000e+01,8.067000000000000000e+03,4.640700000000000000e+04,6.800100000000000000e+04,7.591200000000000000e+04,7.852100000000000000e+04,7.901900000000000000e+04,7.916000000000000000e+04,7.919000000000000000e+04,7.919800000000000000e+04,7.919900000000000000e+04,7.920000000000000000e+04,7.920000000000000000e+04,7.920000000000000000e+04,7.920000000000000000e+04,7.920000000000000000e+04,7.920000000000000000e+04,7.920000000000000000e+04,7.920000000000000000e+04,7.920000000000000000e+04,7.920000000000000000e+04
0.000000000000000000e+00,0.000000000000000000e+00,0.000000000000000000e+00,3.000000000000000000e+00,9.000000000000000000e+00,4.570000000000000000e+02,5.423000000000000000e+03,4.247000000000000000e+04,6.693000000000000000e+04,7.543600000000000000e+04,7.854300000000000000e+04,7.912600000000000000e+04,7.928300000000000000e+04,7.932700000000000000e+04,7.934000000000000000e+04,7.934100000000000000e+04,7.934100000000000000e+04,7.934100000000000000e+04,7.934100000000000000e+04,7.934100000000000000e+04,7.934100000000000000e+04,7.934100000000000000e+04,7.934100000000000000e+04,7.934100000000000000e+04,7.934100000000000000e+04,7.934100000000000000e+04
0.000000000000000000e+00,0.000000000000000000e+00,0.000000000000000000e+00,3.000000000000000000e+00,7.000000000000000000e+00,3.250000000000000000e+02,8.713000000000000000e+03,4.940200000000000000e+04,6.904800000000000000e+04,7.627300000000000000e+04,7.861900000000000000e+04,7.909700000000000000e+04,7.924400000000000000e+04,7.927900000000000000e+04,7.929600000000000000e+04,7.929700000000000000e+04,7.929700000000000000e+04,7.929700000000000000e+04,7.929700000000000000e+04,7.929700000000000000e+04,7.929700000000000000e+04,7.929700000000000000e+04,7.929700000000000000e+04,7.929700000000000000e+04,7.929700000000000000e+04,7.929700000000000000e+04
0.000000000000000000e+00,0.000000000000000000e+00,0.000000000000000000e+00,3.000000000000000000e+00,5.000000000000000000e+00,3.570000000000000000e+02,1.406800000000000000e+04,5.437100000000000000e+04,7.070300000000000000e+04,7.685400000000000000e+04,7.871400000000000000e+04,7.904300000000000000e+04,7.915500000000000000e+04,7.918600000000000000e+04,7.919400000000000000e+04,7.919700000000000000e+04,7.919800000000000000e+04,7.919900000000000000e+04,7.920000000000000000e+04,7.920000000000000000e+04,7.920000000000000000e+04,7.920000000000000000e+04,7.920000000000000000e+04,7.920000000000000000e+04,7.920000000000000000e+04,7.920000000000000000e+04
0.000000000000000000e+00,0.000000000000000000e+00,0.000000000000000000e+00,3.000000000000000000e+00,1.600000000000000000e+01,6.550000000000000000e+02,1.733500000000000000e+04,5.686700000000000000e+04,7.159500000000000000e+04,7.730000000000000000e+04,7.876800000000000000e+04,7.907700000000000000e+04,7.916600000000000000e+04,7.919100000000000000e+04,7.920300000000000000e+04,7.920600000000000000e+04,7.920700000000000000e+04,7.920700000000000000e+04,7.920700000000000000e+04,7.920700000000000000e+04,7.920700000000000000e+04,7.920700000000000000e+04,7.920700000000000000e+04,7.920700000000000000e+04,7.920700000000000000e+04,7.920700000000000000e+04
0.000000000000000000e+00,0.000000000000000000e+00,0.000000000000000000e+00,3.000000000000000000e+00,1.100000000000000000e+01,8.600000000000000000e+02,1.962200000000000000e+04,5.812400000000000000e+04,7.207300000000000000e+04,7.740100000000000000e+04,7.880100000000000000e+04,7.911000000000000000e+04,7.920100000000000000e+04,7.921800000000000000e+04,7.922200000000000000e+04,7.922300000000000000e+04,7.922300000000000000e+04,7.922300000000000000e+04,7.922300000000000000e+04,7.922300000000000000e+04,7.922300000000000000e+04,7.922300000000000000e+04,7.922300000000000000e+04,7.922300000000000000e+04,7.922300000000000000e+04,7.922300000000000000e+04
0.000000000000000000e+00,0.000000000000000000e+00,0.000000000000000000e+00,3.000000000000000000e+00,1.700000000000000000e+01,7.170000000000000000e+02,1.711000000000000000e+04,5.689100000000000000e+04,7.173600000000000000e+04,7.738300000000000000e+04,7.887400000000000000e+04,7.917100000000000000e+04,7.925900000000000000e+04,7.928300000000000000e+04,7.928600000000000000e+04,7.928900000000000000e+04,7.928900000000000000e+04,7.929000000000000000e+04,7.929000000000000000e+04,7.929000000000000000e+04,7.929000000000000000e+04,7.929000000000000000e+04,7.929000000000000000e+04,7.929000000000000000e+04,7.929000000000000000e+04,7.929000000000000000e+04
0.000000000000000000e+00,0.000000000000000000e+00,0.000000000000000000e+00,3.000000000000000000e+00,1.900000000000000000e+01,1.632000000000000000e+03,2.335700000000000000e+04,5.958300000000000000e+04,7.266500000000000000e+04,7.770400000000000000e+04,7.888800000000000000e+04,7.915300000000000000e+04,7.922000000000000000e+04,7.923900000000000000e+04,7.924100000000000000e+04,7.924100000000000000e+04,7.924100000000000000e+04,7.924100000000000000e+04,7.924100000000000000e+04,7.924100000000000000e+04,7.924100000000000000e+04,7.924100000000000000e+04,7.924100000000000000e+04,7.924100000000000000e+04,7.924100000000000000e+04,7.924100000000000000e+04
0.000000000000000000e+00,0.000000000000000000e+00,0.000000000000000000e+00,3.000000000000000000e+00,4.000000000000000000e+00,6.000000000000000000e+00,9.000000000000000000e+00,1.100000000000000000e+02,6.325000000000000000e+03,4.511500000000000000e+04,6.758400000000000000e+04,7.571500000000000000e+04,7.851700000000000000e+04,7.907400000000000000e+04,7.920900000000000000e+04,7.925700000000000000e+04,7.926400000000000000e+04,7.927000000000000000e+04,7.927100000000000000e+04,7.927100000000000000e+04,7.927100000000000000e+04,7.927100000000000000e+04,7.927100000000000000e+04,7.927100000000000000e+04,7.927100000000000000e+04,7.927100000000000000e+04
0.000000000000000000e+00,0.000000000000000000e+00,0.000000000000000000e+00,3.000000000000000000e+00,8.000000000000000000e+00,2.180000000000000000e+02,9.782000000000000000e+03,5.089300000000000000e+04,6.970000000000000000e+04,7.668000000000000000e+04,7.886600000000000000e+04,7.925400000000000000e+04,7.935600000000000000e+04,7.938400000000000000e+04,7.939300000000000000e+04,7.939300000000000000e+04,7.939300000000000000e+04,7.939500000000000000e+04,7.939500000000000000e+04,7.939500000000000000e+04,7.939500000000000000e+04,7.939500000000000000e+04,7.939500000000000000e+04,7.939500000000000000e+04,7.939500000000000000e+04,7.939500000000000000e+04
0.000000000000000000e+00,0.000000000000000000e+00,0.000000000000000000e+00,3.000000000000000000e+00,9.000000000000000000e+00,3.760000000000000000e+02,1.179700000000000000e+04,5.305500000000000000e+04,7.023600000000000000e+04,7.671000000000000000e+04,7.865800000000000000e+04,7.908400000000000000e+04,7.920300000000000000e+04,7.922800000000000000e+04,7.923700000000000000e+04,7.923700000000000000e+04,7.923800000000000000e+04,7.923800000000000000e+04,7.923800000000000000e+04,7.923800000000000000e+04,7.923800000000000000e+04,7.923800000000000000e+04,7.923800000000000000e+04,7.923800000000000000e+04,7.923800000000000000e+04,7.923800000000000000e+04
0.000000000000000000e+00,0.000000000000000000e+00,0.000000000000000000e+00,3.000000000000000000e+00,1.400000000000000000e+01,6.760000000000000000e+02,1.720400000000000000e+04,5.696800000000000000e+04,7.168700000000000000e+04,7.730100000000000000e+04,7.880800000000000000e+04,7.912100000000000000e+04,7.922800000000000000e+04,7.925000000000000000e+04,7.925700000000000000e+04,7.926000000000000000e+04,7.926200000000000000e+04,7.926200000000000000e+04,7.926200000000000000e+04,7.926200000000000000e+04,7.926200000000000000e+04,7.926200000000000000e+04,7.926200000000000000e+04,7.926200000000000000e+04,7.926200000000000000e+04,7.926200000000000000e+04
0.000000000000000000e+00,0.000000000000000000e+00,0.000000000000000000e+00,3.000000000000000000e+00,7.000000000000000000e+00,7.600000000000000000e+01,4.378000000000000000e+03,3.722900000000000000e+04,6.500700000000000000e+04,7.474300000000000000e+04,7.837500000000000000e+04,7.907900000000000000e+04,7.926100000000000000e+04,7.930300000000000000e+04,7.931500000000000000e+04,7.931700000000000000e+04,7.931700000000000000e+04,7.931700000000000000e+04,7.931800000000000000e+04,7.931800000000000000e+04,7.931800000000000000e+04,7.931800000000000000e+04,7.931800000000000000e+04,7.931800000000000000e+04,7.931800000000000000e+04,7.931800000000000000e+04
0.000000000000000000e+00,0.000000000000000000e+00,0.000000000000000000e+00,3.000000000000000000e+00,2.100000000000000000e+01,7.430000000000000000e+02,1.754300000000000000e+04,5.736000000000000000e+04,7.181800000000000000e+04,7.733300000000000000e+04,7.874200000000000000e+04,7.907900000000000000e+04,7.915900000000000000e+04,7.918100000000000000e+04,7.918600000000000000e+04,7.918700000000000000e+04,7.918700000000000000e+04,7.918700000000000000e+04,7.918700000000000000e+04,7.918700000000000000e+04,7.918700000000000000e+04,7.918700000000000000e+04,7.918700000000000000e+04,7.918700000000000000e+04,7.918700000000000000e+04,7.918700000000000000e+04
0.000000000000000000e+00,0.000000000000000000e+00,0.000000000000000000e+00,3.000000000000000000e+00,3.300000000000000000e+01,1.760000000000000000e+03,2.958000000000000000e+04,6.232300000000000000e+04,7.358800000000000000e+04,7.795700000000000000e+04,7.893800000000000000e+04,7.916400000000000000e+04,7.922600000000000000e+04,7.924300000000000000e+04,7.924800000000000000e+04,7.924900000000000000e+04,7.924900000000000000e+04,7.924900000000000000e+04,7.924900000000000000e+04,7.924900000000000000e+04,7.924900000000000000e+04,7.924900000000000000e+04,7.924900000000000000e+04,7.924900000000000000e+04,7.924900000000000000e+04,7.924900000000000000e+04
0.000000000000000000e+00,0.000000000000000000e+00,0.000000000000000000e+00,3.000000000000000000e+00,1.700000000000000000e+01,1.289000000000000000e+03,2.285100000000000000e+04,5.964700000000000000e+04,7.270800000000000000e+04,7.768900000000000000e+04,7.887900000000000000e+04,7.915500000000000000e+04,7.922600000000000000e+04,7.924000000000000000e+04,7.924700000000000000e+04,7.925000000000000000e+04,7.925100000000000000e+04,7.925100000000000000e+04,7.925100000000000000e+04,7.925100000000000000e+04,7.925100000000000000e+04,7.925100000000000000e+04,7.925100000000000000e+04,7.925100000000000000e+04,7.925100000000000000e+04,7.925100000000000000e+04
0.000000000000000000e+00,0.000000000000000000e+00,0.000000000000000000e+00,3.000000000000000000e+00,1.400000000000000000e+01,3.038000000000000000e+03,2.969600000000000000e+04,6.225400000000000000e+04,7.368600000000000000e+04,7.796700000000000000e+04,7.897000000000000000e+04,7.917100000000000000e+04,7.922600000000000000e+04,7.924100000000000000e+04,7.924300000000000000e+04,7.924300000000000000e+04,7.924300000000000000e+04,7.924300000000000000e+04,7.924300000000000000e+04,7.924300000000000000e+04,7.924300000000000000e+04,7.924300000000000000e+04,7.924300000000000000e+04,7.924300000000000000e+04,7.924300000000000000e+04,7.924300000000000000e+04
0.000000000000000000e+00,0.000000000000000000e+00,0.000000000000000000e+00,3.000000000000000000e+00,8.000000000000000000e+00,2.040000000000000000e+02,9.077000000000000000e+03,5.013800000000000000e+04,6.929300000000000000e+04,7.630200000000000000e+04,7.854600000000000000e+04,7.902100000000000000e+04,7.913200000000000000e+04,7.917100000000000000e+04,7.917600000000000000e+04,7.917600000000000000e+04,7.917600000000000000e+04,7.917600000000000000e+04,7.917600000000000000e+04,7.917600000000000000e+04,7.917600000000000000e+04,7.917600000000000000e+04,7.917600000000000000e+04,7.917600000000000000e+04,7.917600000000000000e+04,7.917600000000000000e+04
0.000000000000000000e+00,0.000000000000000000e+00,0.000000000000000000e+00,3.000000000000000000e+00,8.000000000000000000e+00,6.050000000000000000e+02,1.692800000000000000e+04,5.658200000000000000e+04,7.153500000000000000e+04,7.725700000000000000e+04,7.880600000000000000e+04,7.913200000000000000e+04,7.921600000000000000e+04,7.924100000000000000e+04,7.924700000000000000e+04,7.924800000000000000e+04,7.924900000000000000e+04,7.924900000000000000e+04,7.924900000000000000e+04,7.924900000000000000e+04,7.924900000000000000e+04,7.924900000000000000e+04,7.924900000000000000e+04,7.924900000000000000e+04,7.924900000000000000e+04,7.924900000000000000e+04
0.000000000000000000e+00,0.000000000000000000e+00,0.000000000000000000e+00,3.000000000000000000e+00,1.000000000000000000e+01,1.910000000000000000e+02,1.040500000000000000e+04,5.098100000000000000e+04,6.969100000000000000e+04,7.663000000000000000e+04,7.874400000000000000e+04,7.917100000000000000e+04,7.926900000000000000e+04,7.928900000000000000e+04,7.929200000000000000e+04,7.929300000000000000e+04,7.929400000000000000e+04,7.929400000000000000e+04,7.929500000000000000e+04,7.929500000000000000e+04,7.929500000000000000e+04,7.929500000000000000e+04,7.929500000000000000e+04,7.929500000000000000e+04,7.929500000000000000e+04,7.929500000000000000e+04
0.000000000000000000e+00,0.000000000000000000e+00,0.000000000000000000e+00,3.000000000000000000e+00,3.100000000000000000e+01,1.471000000000000000e+03,2.869900000000000000e+04,6.184000000000000000e+04,7.356300000000000000e+04,7.792500000000000000e+04,7.895600000000000000e+04,7.917900000000000000e+04,7.923200000000000000e+04,7.925000000000000000e+04,7.925200000000000000e+04,7.925400000000000000e+04,7.925400000000000000e+04,7.925400000000000000e+04,7.925400000000000000e+04,7.925400000000000000e+04,7.925400000000000000e+04,7.925400000000000000e+04,7.925400000000000000e+04,7.925400000000000000e+04,7.925400000000000000e+04,7.925400000000000000e+04
0.000000000000000000e+00,0.000000000000000000e+00,0.000000000000000000e+00,3.000000000000000000e+00,8.000000000000000000e+00,2.470000000000000000e+02,1.139500000000000000e+04,5.186600000000000000e+04,6.993500000000000000e+04,7.656200000000000000e+04,7.861100000000000000e+04,7.902700000000000000e+04,7.912300000000000000e+04,7.914800000000000000e+04,7.915400000000000000e+04,7.915600000000000000e+04,7.915600000000000000e+04,7.915600000000000000e+04,7.915600000000000000e+04,7.915600000000000000e+04,7.915600000000000000e+04,7.915600000000000000e+04,7.915600000000000000e+04,7.915600000000000000e+04,7.915600000000000000e+04,7.915600000000000000e+04
0.000000000000000000e+00,0.000000000000000000e+00,0.000000000000000000e+00,3.000000000000000000e+00,6.100000000000000000e+01,4.305000000000000000e+03,3.990800000000000000e+04,6.582200000000000000e+04,7.493900000000000000e+04,7.822000000000000000e+04,7.891800000000000000e+04,7.908000000000000000e+04,7.912800000000000000e+04,7.913600000000000000e+04,7.913900000000000000e+04,7.913900000000000000e+04,7.913900000000000000e+04,7.913900000000000000e+04,7.913900000000000000e+04,7.913900000000000000e+04,7.913900000000000000e+04,7.913900000000000000e+04,7.913900000000000000e+04,7.913900000000000000e+04,7.913900000000000000e+04,7.913900000000000000e+04
0.000000000000000000e+00,0.000000000000000000e+00,0.000000000000000000e+00,3.000000000000000000e+00,6.000000000000000000e+00,4.500000000000000000e+01,3.904000000000000000e+03,3.571600000000000000e+04,6.437500000000000000e+04,7.438600000000000000e+04,7.816300000000000000e+04,7.897400000000000000e+04,7.915600000000000000e+04,7.922000000000000000e+04,7.923600000000000000e+04,7.923700000000000000e+04,7.923800000000000000e+04,7.923900000000000000e+04,7.923900000000000000e+04,7.924000000000000000e+04,7.924000000000000000e+04,7.924000000000000000e+04,7.924000000000000000e+04,7.924000000000000000e+04,7.924000000000000000e+04,7.924000000000000000e+04
0.000000000000000000e+00,0.000000000000000000e+00,0.000000000000000000e+00,3.000000000000000000e+00,5.000000000000000000e+00,1.710000000000000000e+02,7.738000000000000000e+03,4.523400000000000000e+04,6.774600000000000000e+04,7.575400000000000000e+04,7.856600000000000000e+04,7.911800000000000000e+04,7.923300000000000000e+04,7.926500000000000000e+04,7.927200000000000000e+04,7.927500000000000000e+04,7.927500000000000000e+04,7.927500000000000000e+04,7.927500000000000000e+04,7.927500000000000000e+04,7.927500000000000000e+04,7.927500000000000000e+04,7.927500000000000000e+04,7.927500000000000000e+04,7.927500000000000000e+04,7.927500000000000000e+04
0.000000000000000000e+00,0.000000000000000000e+00,0.000000000000000000e+00,3.000000000000000000e+00,1.400000000000000000e+01,1.395000000000000000e+03,2.469900000000000000e+04,6.051000000000000000e+04,7.301800000000000000e+04,7.782000000000000000e+04,7.888900000000000000e+04,7.912500000000000000e+04,7.919700000000000000e+04,7.921400000000000000e+04,7.922000000000000000e+04,7.922200000000000000e+04,7.922300000000000000e+04,7.922300000000000000e+04,7.922300000000000000e+04,7.922300000000000000e+04,7.922300000000000000e+04,7.922300000000000000e+04,7.922300000000000000e+04,7.922300000000000000e+04,7.922300000000000000e+04,7.922300000000000000e+04
0.000000000000000000e+00,0.000000000000000000e+00,0.000000000000000000e+00,3.000000000000000000e+00,2.100000000000000000e+01,4.539000000000000000e+03,3.600100000000000000e+04,6.437800000000000000e+04,7.442000000000000000e+04,7.813700000000000000e+04,7.891000000000000000e+04,7.909800000000000000e+04,7.914300000000000000e+04,7.915500000000000000e+04,7.916200000000000000e+04,7.916400000000000000e+04,7.916500000000000000e+04,7.916500000000000000e+04,7.916500000000000000e+04,7.916500000000000000e+04,7.916500000000000000e+04,7.916500000000000000e+04,7.916500000000000000e+04,7.916500000000000000e+04,7.916500000000000000e+04,7.916500000000000000e+04
0.000000000000000000e+00,0.000000000000000000e+00,0.000000000000000000e+00,3.000000000000000000e+00,3.000000000000000000e+00,4.000000000000000000e+00,1.500000000000000000e+01,6.310000000000000000e+02,1.512700000000000000e+04,5.482000000000000000e+04,7.105100000000000000e+04,7.703500000000000000e+04,7.881300000000000000e+04,7.916900000000000000e+04,7.927100000000000000e+04,7.929600000000000000e+04,7.930300000000000000e+04,7.930300000000000000e+04,7.930300000000000000e+04,7.930400000000000000e+04,7.930400000000000000e+04,7.930400000000000000e+04,7.930400000000000000e+04,7.930400000000000000e+04,7.930400000000000000e+04,7.930400000000000000e+04
0.000000000000000000e+00,0.000000000000000000e+00,0.000000000000000000e+00,3.000000000000000000e+00,1.500000000000000000e+01,7.010000000000000000e+02,1.871500000000000000e+04,5.754300000000000000e+04,7.192900000000000000e+04,7.740500000000000000e+04,7.885000000000000000e+04,7.914000000000000000e+04,7.922000000000000000e+04,7.923700000000000000e+04,7.924400000000000000e+04,7.924400000000000000e+04,7.924400000000000000e+04,7.924400000000000000e+04,7.924400000000000000e+04,7.924400000000000000e+04,7.924400000000000000e+04,7.924400000000000000e+04,7.924400000000000000e+04,7.924400000000000000e+04,7.924400000000000000e+04,7.924400000000000000e+04
0.000000000000000000e+00,0.000000000000000000e+00,0.000000000000000000e+00,3.000000000000000000e+00,4.200000000000000000e+01,4.320000000000000000e+03,3.906700000000000000e+04,6.547300000000000000e+04,7.498600000000000000e+04,7.835500000000000000e+04,7.904300000000000000e+04,7.922000000000000000e+04,7.926900000000000000e+04,7.927900000000000000e+04,7.928100000000000000e+04,7.928100000000000000e+04,7.928100000000000000e+04,7.928100000000000000e+04,7.928100000000000000e+04,7.928100000000000000e+04,7.928100000000000000e+04,7.928100000000000000e+04,7.928100000000000000e+04,7.928100000000000000e+04,7.928100000000000000e+04,7.928100000000000000e+04
0.000000000000000000e+00,0.000000000000000000e+00,0.000000000000000000e+00,3.000000000000000000e+00,1.300000000000000000e+01,8.130000000000000000e+02,1.916800000000000000e+04,5.799700000000000000e+04,7.222600000000000000e+04,7.754700000000000000e+04,7.896100000000000000e+04,7.926600000000000000e+04,7.934600000000000000e+04,7.937000000000000000e+04,7.937600000000000000e+04,7.938100000000000000e+04,7.938200000000000000e+04,7.938200000000000000e+04,7.938200000000000000e+04,7.938200000000000000e+04,7.938200000000000000e+04,7.938200000000000000e+04,7.938200000000000000e+04,7.938200000000000000e+04,7.938200000000000000e+04,7.938200000000000000e+04
0.000000000000000000e+00,0.000000000000000000e+00,0.000000000000000000e+00,3.000000000000000000e+00,1.300000000000000000e+01,1.105000000000000000e+03,1.885500000000000000e+04,5.778600000000000000e+04,7.207300000000000000e+04,7.743700000000000000e+04,7.884000000000000000e+04,7.915200000000000000e+04,7.923200000000000000e+04,7.925400000000000000e+04,7.926000000000000000e+04,7.926200000000000000e+04,7.926200000000000000e+04,7.926200000000000000e+04,7.926200000000000000e+04,7.926200000000000000e+04,7.926200000000000000e+04,7.926200000000000000e+04,7.926200000000000000e+04,7.926200000000000000e+04,7.926200000000000000e+04,7.926200000000000000e+04
0.000000000000000000e+00,0.000000000000000000e+00,0.000000000000000000e+00,3.000000000000000000e+00,8.000000000000000000e+00,5.170000000000000000e+02,1.584800000000000000e+04,5.574600000000000000e+04,7.136400000000000000e+04,7.719600000000000000e+04,7.877400000000000000e+04,7.911600000000000000e+04,7.920900000000000000e+04,7.923200000000000000e+04,7.924000000000000000e+04,7.924200000000000000e+04,7.924200000000000000e+04,7.924200000000000000e+04,7.924200000000000000e+04,7.924200000000000000e+04,7.924200000000000000e+04,7.924200000000000000e+04,7.924200000000000000e+04,7.924200000000000000e+04,7.924200000000000000e+04,7.924200000000000000e+04
0.000000000000000000e+00,0.000000000000000000e+00,0.000000000000000000e+00,3.000000000000000000e+00,1.200000000000000000e+01,2.100000000000000000e+02,9.312000000000000000e+03,4.989300000000000000e+04,6.917500000000000000e+04,7.634000000000000000e+04,7.861600000000000000e+04,7.905900000000000000e+04,7.917200000000000000e+04,7.919500000000000000e+04,7.919700000000000000e+04,7.920200000000000000e+04,7.920200000000000000e+04,7.920200000000000000e+04,7.920200000000000000e+04,7.920200000000000000e+04,7.920200000000000000e+04,7.920200000000000000e+04,7.920200000000000000e+04,7.920200000000000000e+04,7.920200000000000000e+04,7.920200000000000000e+04
0.000000000000000000e+00,0.000000000000000000e+00,0.000000000000000000e+00,3.000000000000000000e+00,5.000000000000000000e+00,3.200000000000000000e+01,2.075000000000000000e+03,2.984600000000000000e+04,6.246200000000000000e+04,7.363900000000000000e+04,7.799500000000000000e+04,7.898400000000000000e+04,7.921100000000000000e+04,7.928200000000000000e+04,7.929600000000000000e+04,7.929900000000000000e+04,7.930200000000000000e+04,7.930200000000000000e+04,7.930200000000000000e+04,7.930200000000000000e+04,7.930200000000000000e+04,7.930200000000000000e+04,7.930200000000000000e+04,7.930200000000000000e+04,7.930200000000000000e+04,7.930200000000000000e+04
0.000000000000000000e+00,0.000000000000000000e+00,0.000000000000000000e+00,3.000000000000000000e+00,1.500000000000000000e+01,1.058000000000000000e+03,2.009700000000000000e+04,5.785800000000000000e+04,7.203100000000000000e+04,7.737400000000000000e+04,7.882800000000000000e+04,7.913000000000000000e+04,7.922100000000000000e+04,7.924400000000000000e+04,7.924800000000000000e+04,7.924900000000000000e+04,7.924900000000000000e+04,7.924900000000000000e+04,7.924900000000000000e+04,7.924900000000000000e+04,7.924900000000000000e+04,7.924900000000000000e+04,7.924900000000000000e+04,7.924900000000000000e+04,7.924900000000000000e+04,7.924900000000000000e+04
0.000000000000000000e+00,0.000000000000000000e+00,0.000000000000000000e+00,3.000000000000000000e+00,1.600000000000000000e+01,1.206000000000000000e+03,1.942600000000000000e+04,5.716000000000000000e+04,7.186400000000000000e+04,7.733700000000000000e+04,7.889900000000000000e+04,7.916900000000000000e+04,7.924800000000000000e+04,7.926900000000000000e+04,7.927600000000000000e+04,7.927800000000000000e+04,7.927800000000000000e+04,7.927800000000000000e+04,7.927800000000000000e+04,7.927800000000000000e+04,7.927800000000000000e+04,7.927800000000000000e+04,7.927800000000000000e+04,7.927800000000000000e+04,7.927800000000000000e+04,7.927800000000000000e+04
0.000000000000000000e+00,0.000000000000000000e+00,0.000000000000000000e+00,3.000000000000000000e+00,7.000000000000000000e+00,2.690000000000000000e+02,1.155900000000000000e+04,5.187600000000000000e+04,6.989100000000000000e+04,7.657400000000000000e+04,7.872800000000000000e+04,7.912700000000000000e+04,7.922200000000000000e+04,7.924700000000000000e+04,7.925600000000000000e+04,7.925700000000000000e+04,7.925700000000000000e+04,7.925700000000000000e+04,7.925700000000000000e+04,7.925700000000000000e+04,7.925700000000000000e+04,7.925700000000000000e+04,7.925700000000000000e+04,7.925700000000000000e+04,7.925700000000000000e+04,7.925700000000000000e+04
0.000000000000000000e+00,0.000000000000000000e+00,0.000000000000000000e+00,3.000000000000000000e+00,1.600000000000000000e+01,5.890000000000000000e+02,1.785900000000000000e+04,5.707200000000000000e+04,7.177500000000000000e+04,7.738100000000000000e+04,7.881000000000000000e+04,7.915200000000000000e+04,7.925200000000000000e+04,7.927400000000000000e+04,7.927900000000000000e+04,7.928000000000000000e+04,7.928100000000000000e+04,7.928100000000000000e+04,7.928100000000000000e+04,7.928100000000000000e+04,7.928100000000000000e+04,7.928100000000000000e+04,7.928100000000000000e+04,7.928100000000000000e+04,7.928100000000000000e+04,7.928100000000000000e+04
0.000000000000000000e+00,0.000000000000000000e+00,0.000000000000000000e+00,3.000000000000000000e+00,4.800000000000000000e+01,4.559000000000000000e+03,3.829100000000000000e+04,6.541300000000000000e+04,7.483300000000000000e+04,7.835600000000000000e+04,7.904200000000000000e+04,7.921200000000000000e+04,7.926700000000000000e+04,7.928100000000000000e+04,7.928600000000000000e+04,7.928700000000000000e+04,7.928700000000000000e+04,7.928700000000000000e+04,7.928700000000000000e+04,7.928700000000000000e+04,7.928700000000000000e+04,7.928700000000000000e+04,7.928700000000000000e+04,7.928700000000000000e+04,7.928700000000000000e+04,7.928700000000000000e+04
0.000000000000000000e+00,0.000000000000000000e+00,0.000000000000000000e+00,3.000000000000000000e+00,9.700000000000000000e+01,4.475000000000000000e+03,4.203100000000000000e+04,6.657200000000000000e+04,7.541600000000000000e+04,7.840900000000000000e+04,7.901200000000000000e+04,7.916700000000000000e+04,7.922000000000000000e+04,7.922700000000000000e+04,7.922900000000000000e+04,7.923000000000000000e+04,7.923100000000000000e+04,7.923100000000000000e+04,7.923100000000000000e+04,7.923100000000000000e+04,7.923100000000000000e+04,7.923100000000000000e+04,7.923100000000000000e+04,7.923100000000000000e+04,7.923100000000000000e+04,7.923100000000000000e+04
0.000000000000000000e+00,0.000000000000000000e+00,0.000000000000000000e+00,3.000000000000000000e+00,8.000000000000000000e+00,3.550000000000000000e+02,1.404700000000000000e+04,5.469600000000000000e+04,7.093300000000000000e+04,7.695900000000000000e+04,7.869000000000000000e+04,7.906700000000000000e+04,7.917300000000000000e+04,7.920200000000000000e+04,7.920900000000000000e+04,7.921100000000000000e+04,7.921100000000000000e+04,7.921100000000000000e+04,7.921100000000000000e+04,7.921100000000000000e+04,7.921100000000000000e+04,7.921100000000000000e+04,7.921100000000000000e+04,7.921100000000000000e+04,7.921100000000000000e+04,7.921100000000000000e+04
0.000000000000000000e+00,0.000000000000000000e+00,0.000000000000000000e+00,3.000000000000000000e+00,5.500000000000000000e+01,1.866000000000000000e+03,3.065000000000000000e+04,6.246000000000000000e+04,7.379000000000000000e+04,7.803300000000000000e+04,7.896800000000000000e+04,7.917300000000000000e+04,7.924000000000000000e+04,7.925800000000000000e+04,7.926100000000000000e+04,7.926100000000000000e+04,7.926100000000000000e+04,7.926100000000000000e+04,7.926100000000000000e+04,7.926100000000000000e+04,7.926100000000000000e+04,7.926100000000000000e+04,7.926100000000000000e+04,7.926100000000000000e+04,7.926100000000000000e+04,7.926100000000000000e+04
0.000000000000000000e+00,0.000000000000000000e+00,0.000000000000000000e+00,3.000000000000000000e+00,8.000000000000000000e+00,4.460000000000000000e+02,1.345500000000000000e+04,5.432600000000000000e+04,7.072600000000000000e+04,7.693300000000000000e+04,7.873800000000000000e+04,7.911100000000000000e+04,7.919500000000000000e+04,7.921500000000000000e+04,7.922300000000000000e+04,7.922300000000000000e+04,7.922300000000000000e+04,7.922400000000000000e+04,7.922400000000000000e+04,7.922400000000000000e+04,7.922400000000000000e+04,7.922400000000000000e+04,7.922400000000000000e+04,7.922400000000000000e+04,7.922400000000000000e+04,7.922400000000000000e+04
0.000000000000000000e+00,0.000000000000000000e+00,0.000000000000000000e+00,3.000000000000000000e+00,2.700000000000000000e+01,1.353000000000000000e+03,2.541000000000000000e+04,6.063500000000000000e+04,7.307300000000000000e+04,7.777900000000000000e+04,7.885700000000000000e+04,7.912400000000000000e+04,7.921000000000000000e+04,7.923300000000000000e+04,7.923600000000000000e+04,7.923600000000000000e+04,7.923600000000000000e+04,7.923600000000000000e+04,7.923600000000000000e+04,7.923600000000000000e+04,7.923600000000000000e+04,7.923600000000000000e+04,7.923600000000000000e+04,7.923600000000000000e+04,7.923600000000000000e+04,7.923600000000000000e+04
0.000000000000000000e+00,0.000000000000000000e+00,0.000000000000000000e+00,3.000000000000000000e+00,9.900000000000000000e+01,4.280000000000000000e+03,4.063500000000000000e+04,6.598900000000000000e+04,7.512500000000000000e+04,7.836300000000000000e+04,7.899900000000000000e+04,7.914600000000000000e+04,7.920300000000000000e+04,7.921200000000000000e+04,7.921300000000000000e+04,7.921500000000000000e+04,7.921500000000000000e+04,7.921500000000000000e+04,7.921500000000000000e+04,7.921500000000000000e+04,7.921500000000000000e+04,7.921500000000000000e+04,7.921500000000000000e+04,7.921500000000000000e+04,7.921500000000000000e+04,7.921500000000000000e+04
0.000000000000000000e+00,0.000000000000000000e+00,0.000000000000000000e+00,3.000000000000000000e+00,1.800000000000000000e+01,1.452000000000000000e+03,2.311700000000000000e+04,5.947800000000000000e+04,7.258000000000000000e+04,7.757000000000000000e+04,7.884800000000000000e+04,7.911700000000000000e+04,7.918900000000000000e+04,7.920200000000000000e+04,7.920900000000000000e+04,7.921000000000000000e+04,7.921000000000000000e+04,7.921000000000000000e+04,7.921000000000000000e+04,7.921000000000000000e+04,7.921000000000000000e+04,7.921000000000000000e+04,7.921000000000000000e+04,7.921000000000000000e+04,7.921000000000000000e+04,7.921000000000000000e+04
0.000000000000000000e+00,0.000000000000000000e+00,0.000000000000000000e+00,3.000000000000000000e+00,1.550000000000000000e+02,8.994000000000000000e+03,5.005100000000000000e+04,6.926400000000000000e+04,7.628600000000000000e+04,7.852800000000000000e+04,7.897500000000000000e+04,7.910500000000000000e+04,7.913900000000000000e+04,7.915000000000000000e+04,7.915100000000000000e+04,7.915200000000000000e+04,7.915200000000000000e+04,7.915200000000000000e+04,7.915200000000000000e+04,7.915200000000000000e+04,7.915200000000000000e+04,7.915200000000000000e+04,7.915200000000000000e+04,7.915200000000000000e+04,7.915200000000000000e+04,7.915200000000000000e+04
0.000000000000000000e+00,0.000000000000000000e+00,0.000000000000000000e+00,3.000000000000000000e+00,1.200000000000000000e+01,4.250000000000000000e+02,1.172900000000000000e+04,5.177600000000000000e+04,6.989200000000000000e+04,7.676000000000000000e+04,7.882100000000000000e+04,7.919800000000000000e+04,7.930200000000000000e+04,7.932600000000000000e+04,7.933600000000000000e+04,7.933700000000000000e+04,7.933700000000000000e+04,7.933700000000000000e+04,7.933700000000000000e+04,7.933700000000000000e+04,7.933700000000000000e+04,7.933700000000000000e+04,7.933700000000000000e+04,7.933700000000000000e+04,7.933700000000000000e+04,7.933700000000000000e+04
0.000000000000000000e+00,0.000000000000000000e+00,0.000000000000000000e+00,3.000000000000000000e+00,5.000000000000000000e+00,6.000000000000000000e+01,2.431000000000000000e+03,3.369100000000000000e+04,6.392900000000000000e+04,7.424000000000000000e+04,7.816600000000000000e+04,7.898300000000000000e+04,7.916500000000000000e+04,7.922300000000000000e+04,7.924100000000000000e+04,7.924500000000000000e+04,7.924500000000000000e+04,7.924500000000000000e+04,7.924500000000000000e+04,7.924500000000000000e+04,7.924500000000000000e+04,7.924500000000000000e+04,7.924500000000000000e+04,7.924500000000000000e+04,7.924500000000000000e+04,7.924500000000000000e+04
0.000000000000000000e+00,0.000000000000000000e+00,0.000000000000000000e+00,3.000000000000000000e+00,1.500000000000000000e+01,1.423000000000000000e+03,2.489600000000000000e+04,6.057100000000000000e+04,7.289100000000000000e+04,7.771000000000000000e+04,7.886600000000000000e+04,7.909400000000000000e+04,7.916200000000000000e+04,7.917700000000000000e+04,7.918000000000000000e+04,7.918100000000000000e+04,7.918100000000000000e+04,7.918100000000000000e+04,7.918100000000000000e+04,7.918100000000000000e+04,7.918100000000000000e+04,7.918100000000000000e+04,7.918100000000000000e+04,7.918100000000000000e+04,7.918100000000000000e+04,7.918100000000000000e+04
0.000000000000000000e+00,0.000000000000000000e+00,0.000000000000000000e+00,3.000000000000000000e+00,1.600000000000000000e+01,2.379000000000000000e+03,2.728400000000000000e+04,6.118600000000000000e+04,7.321300000000000000e+04,7.770400000000000000e+04,7.881700000000000000e+04,7.907800000000000000e+04,7.916200000000000000e+04,7.918200000000000000e+04,7.918800000000000000e+04,7.918800000000000000e+04,7.918800000000000000e+04,7.918800000000000000e+04,7.918800000000000000e+04,7.918800000000000000e+04,7.918800000000000000e+04,7.918800000000000000e+04,7.918800000000000000e+04,7.918800000000000000e+04,7.918800000000000000e+04,7.918800000000000000e+04
0.000000000000000000e+00,0.000000000000000000e+00,0.000000000000000000e+00,3.000000000000000000e+00,9.000000000000000000e+00,1.937000000000000000e+03,2.502000000000000000e+04,6.035700000000000000e+04,7.284900000000000000e+04,7.766200000000000000e+04,7.881400000000000000e+04,7.904900000000000000e+04,7.911800000000000000e+04,7.913600000000000000e+04,7.914000000000000000e+04,7.914000000000000000e+04,7.914000000000000000e+04,7.914000000000000000e+04,7.914000000000000000e+04,7.914000000000000000e+04,7.914000000000000000e+04,7.914000000000000000e+04,7.914000000000000000e+04,7.914000000000000000e+04,7.914000000000000000e+04,7.914000000000000000e+04
0.000000000000000000e+00,0.000000000000000000e+00,0.000000000000000000e+00,3.000000000000000000e+00,6.000000000000000000e+00,2.030000000000000000e+02,6.082000000000000000e+03,4.538500000000000000e+04,6.772700000000000000e+04,7.585200000000000000e+04,7.860700000000000000e+04,7.911600000000000000e+04,7.924400000000000000e+04,7.928500000000000000e+04,7.929600000000000000e+04,7.929700000000000000e+04,7.929800000000000000e+04,7.929800000000000000e+04,7.929800000000000000e+04,7.929800000000000000e+04,7.929800000000000000e+04,7.929800000000000000e+04,7.929800000000000000e+04,7.929800000000000000e+04,7.929800000000000000e+04,7.929800000000000000e+04
0.000000000000000000e+00,0.000000000000000000e+00,0.000000000000000000e+00,3.000000000000000000e+00,7.000000000000000000e+00,2.770000000000000000e+02,7.634000000000000000e+03,4.659100000000000000e+04,6.817000000000000000e+04,7.589900000000000000e+04,7.858300000000000000e+04,7.911700000000000000e+04,7.925600000000000000e+04,7.929800000000000000e+04,7.931100000000000000e+04,7.931400000000000000e+04,7.931400000000000000e+04,7.931400000000000000e+04,7.931400000000000000e+04,7.931400000000000000e+04,7.931400000000000000e+04,7.931400000000000000e+04,7.931400000000000000e+04,7.931400000000000000e+04,7.931400000000000000e+04,7.931400000000000000e+04
0.000000000000000000e+00,0.000000000000000000e+00,0.000000000000000000e+00,3.000000000000000000e+00,9.000000000000000000e+00,1.330000000000000000e+02,5.706000000000000000e+03,4.370800000000000000e+04,6.711300000000000000e+04,7.550800000000000000e+04,7.848000000000000000e+04,7.909700000000000000e+04,7.925400000000000000e+04,7.929800000000000000e+04,7.930900000000000000e+04,7.931200000000000000e+04,7.931200000000000000e+04,7.931200000000000000e+04,7.931200000000000000e+04,7.931200000000000000e+04,7.931200000000000000e+04,7.931200000000000000e+04,7.931200000000000000e+04,7.931200000000000000e+04,7.931200000000000000e+04,7.931200000000000000e+04
0.000000000000000000e+00,0.000000000000000000e+00,0.000000000000000000e+00,3.000000000000000000e+00,3.100000000000000000e+01,2.389000000000000000e+03,3.056400000000000000e+04,6.269200000000000000e+04,7.376900000000000000e+04,7.799800000000000000e+04,7.894100000000000000e+04,7.918100000000000000e+04,7.923700000000000000e+04,7.924700000000000000e+04,7.925200000000000000e+04,7.925200000000000000e+04,7.925200000000000000e+04,7.925200000000000000e+04,7.925200000000000000e+04,7.925200000000000000e+04,7.925200000000000000e+04,7.925200000000000000e+04,7.925200000000000000e+04,7.925200000000000000e+04,7.925200000000000000e+04,7.925200000000000000e+04
0.000000000000000000e+00,0.000000000000000000e+00,0.000000000000000000e+00,3.000000000000000000e+00,1.200000000000000000e+01,7.880000000000000000e+02,2.117900000000000000e+04,5.898900000000000000e+04,7.255100000000000000e+04,7.755600000000000000e+04,7.886900000000000000e+04,7.915900000000000000e+04,7.923700000000000000e+04,7.925600000000000000e+04,7.926200000000000000e+04,7.926500000000000000e+04,7.926500000000000000e+04,7.926500000000000000e+04,7.926500000000000000e+04,7.926500000000000000e+04,7.926500000000000000e+04,7.926500000000000000e+04,7.926500000000000000e+04,7.926500000000000000e+04,7.926500000000000000e+04,7.926500000000000000e+04
0.000000000000000000e+00,0.000000000000000000e+00,0.000000000000000000e+00,3.000000000000000000e+00,1.200000000000000000e+01,8.850000000000000000e+02,1.721900000000000000e+04,5.685400000000000000e+04,7.163400000000000000e+04,7.725100000000000000e+04,7.874900000000000000e+04,7.907000000000000000e+04,7.917300000000000000e+04,7.919800000000000000e+04,7.920500000000000000e+04,7.920700000000000000e+04,7.920700000000000000e+04,7.920700000000000000e+04,7.920700000000000000e+04,7.920700000000000000e+04,7.920700000000000000e+04,7.920700000000000000e+04,7.920700000000000000e+04,7.920700000000000000e+04,7.920700000000000000e+04,7.920700000000000000e+04
0.000000000000000000e+00,0.000000000000000000e+00,0.000000000000000000e+00,3.000000000000000000e+00,1.800000000000000000e+01,1.016000000000000000e+03,2.079500000000000000e+04,5.837000000000000000e+04,7.225600000000000000e+04,7.747800000000000000e+04,7.884300000000000000e+04,7.915900000000000000e+04,7.924100000000000000e+04,7.925900000000000000e+04,7.926500000000000000e+04,7.926500000000000000e+04,7.926500000000000000e+04,7.926500000000000000e+04,7.926500000000000000e+04,7.926500000000000000e+04,7.926500000000000000e+04,7.926500000000000000e+04,7.926500000000000000e+04,7.926500000000000000e+04,7.926500000000000000e+04,7.926500000000000000e+04
0.000000000000000000e+00,0.000000000000000000e+00,0.000000000000000000e+00,3.000000000000000000e+00,5.000000000000000000e+00,1.500000000000000000e+01,7.500000000000000000e+02,1.973900000000000000e+04,5.838600000000000000e+04,7.229400000000000000e+04,7.764000000000000000e+04,7.894800000000000000e+04,7.927000000000000000e+04,7.933700000000000000e+04,7.935100000000000000e+04,7.935500000000000000e+04,7.935600000000000000e+04,7.935600000000000000e+04,7.935600000000000000e+04,7.935600000000000000e+04,7.935600000000000000e+04,7.935600000000000000e+04,7.935600000000000000e+04,7.935600000000000000e+04,7.935600000000000000e+04,7.935600000000000000e+04
0.000000000000000000e+00,0.000000000000000000e+00,0.000000000000000000e+00,3.000000000000000000e+00,3.300000000000000000e+01,1.967000000000000000e+03,3.055700000000000000e+04,6.298000000000000000e+04,7.382900000000000000e+04,7.810300000000000000e+04,7.897000000000000000e+04,7.917600000000000000e+04,7.922700000000000000e+04,7.924200000000000000e+04,7.924500000000000000e+04,7.924500000000000000e+04,7.924600000000000000e+04,7.924600000000000000e+04,7.924600000000000000e+04,7.924600000000000000e+04,7.924600000000000000e+04,7.924600000000000000e+04,7.924600000000000000e+04,7.924600000000000000e+04,7.924600000000000000e+04,7.924600000000000000e+04
0.000000000000000000e+00,0.000000000000000000e+00,0.000000000000000000e+00,3.000000000000000000e+00,6.000000000000000000e+00,4.900000000000000000e+01,2.376000000000000000e+03,3.074000000000000000e+04,6.276400000000000000e+04,7.382800000000000000e+04,7.805100000000000000e+04,7.894500000000000000e+04,7.916900000000000000e+04,7.922700000000000000e+04,7.924100000000000000e+04,7.924300000000000000e+04,7.924500000000000000e+04,7.924500000000000000e+04,7.924500000000000000e+04,7.924500000000000000e+04,7.924500000000000000e+04,7.924500000000000000e+04,7.924500000000000000e+04,7.924500000000000000e+04,7.924500000000000000e+04,7.924500000000000000e+04
0.000000000000000000e+00,0.000000000000000000e+00,0.000000000000000000e+00,3.000000000000000000e+00,5.000000000000000000e+00,4.000000000000000000e+01,1.349000000000000000e+03,2.599200000000000000e+04,6.072200000000000000e+04,7.302100000000000000e+04,7.771200000000000000e+04,7.882000000000000000e+04,7.908700000000000000e+04,7.915100000000000000e+04,7.917100000000000000e+04,7.917500000000000000e+04,7.917600000000000000e+04,7.917600000000000000e+04,7.917600000000000000e+04,7.917600000000000000e+04,7.917600000000000000e+04,7.917600000000000000e+04,7.917600000000000000e+04,7.917600000000000000e+04,7.917600000000000000e+04,7.917600000000000000e+04
0.000000000000000000e+00,0.000000000000000000e+00,0.000000000000000000e+00,3.000000000000000000e+00,1.100000000000000000e+01,1.614000000000000000e+03,1.925700000000000000e+04,5.753100000000000000e+04,7.188400000000000000e+04,7.727800000000000000e+04,7.875300000000000000e+04,7.902600000000000000e+04,7.912300000000000000e+04,7.914100000000000000e+04,7.914600000000000000e+04,7.914700000000000000e+04,7.914800000000000000e+04,7.914800000000000000e+04,7.914800000000000000e+04,7.914800000000000000e+04,7.914800000000000000e+04,7.914800000000000000e+04,7.914800000000000000e+04,7.914800000000000000e+04,7.914800000000000000e+04,7.914800000000000000e+04
0.000000000000000000e+00,0.000000000000000000e+00,0.000000000000000000e+00,3.000000000000000000e+00,8.000000000000000000e+00,2.750000000000000000e+02,1.144800000000000000e+04,5.242700000000000000e+04,6.994900000000000000e+04,7.658500000000000000e+04,7.863600000000000000e+04,7.905600000000000000e+04,7.916900000000000000e+04,7.919500000000000000e+04,7.920500000000000000e+04,7.920600000000000000e+04,7.920700000000000000e+04,7.920700000000000000e+04,7.920700000000000000e+04,7.920700000000000000e+04,7.920700000000000000e+04,7.920700000000000000e+04,7.920700000000000000e+04,7.920700000000000000e+04,7.920700000000000000e+04,7.920700000000000000e+04
0.000000000000000000e+00,0.000000000000000000e+00,0.000000000000000000e+00,3.000000000000000000e+00,1.000000000000000000e+01,3.570000000000000000e+02,1.417600000000000000e+04,5.500600000000000000e+04,7.094200000000000000e+04,7.715100000000000000e+04,7.881800000000000000e+04,7.915800000000000000e+04,7.926800000000000000e+04,7.929900000000000000e+04,7.930400000000000000e+04,7.930600000000000000e+04,7.930600000000000000e+04,7.930600000000000000e+04,7.930600000000000000e+04,7.930600000000000000e+04,7.930600000000000000e+04,7.930600000000000000e+04,7.930600000000000000e+04,7.930600000000000000e+04,7.930600000000000000e+04,7.930600000000000000e+04
0.000000000000000000e+00,0.000000000000000000e+00,0.000000000000000000e+00,3.000000000000000000e+00,1.800000000000000000e+01,3.311000000000000000e+03,3.059000000000000000e+04,6.267300000000000000e+04,7.386800000000000000e+04,7.801100000000000000e+04,7.898000000000000000e+04,7.920600000000000000e+04,7.926900000000000000e+04,7.928800000000000000e+04,7.929100000000000000e+04,7.929400000000000000e+04,7.929400000000000000e+04,7.929400000000000000e+04,7.929400000000000000e+04,7.929400000000000000e+04,7.929400000000000000e+04,7.929400000000000000e+04,7.929400000000000000e+04,7.929400000000000000e+04,7.929400000000000000e+04,7.929400000000000000e+04
